{
	"condition": "minecraft:any_of",
	"terms": [
		{
			"condition": "minecraft:entity_scores",
			"entity": "this",
			"scores": {
				"hammer": 1
			}
		},
		{
			"condition": "minecraft:entity_scores",
			"entity": "this",
			"scores": {
				"hammer": 11
			}
		},
		{
			"condition": "minecraft:entity_scores",
			"entity": "this",
			"scores": {
				"hammer": 21
			}
		},
		{
			"condition": "minecraft:entity_scores",
			"entity": "this",
			"scores": {
				"hammer": 31
			}
		},
		{
			"condition": "minecraft:entity_scores",
			"entity": "this",
			"scores": {
				"hammer": 41
			}
		},
		{
			"condition": "minecraft:entity_scores",
			"entity": "this",
			"scores": {
				"hammer": 51
			}
		}
	]
}