{
	"type": "minecraft:entity",
	"pools": [
		{
			"rolls": 1,
			"entries": [
				{
					"type": "minecraft:item",
					"weight": 1,
					"name": "minecraft:slime_ball",
					"functions": [
						{
							"function": "minecraft:set_count",
							"count": {
								"min": 1,
								"max": 6
							}
						},
						{
							"function": "minecraft:set_components",
							"components": {
								"minecraft:item_name": "經驗球"
							}
						},
						{
							"function": "minecraft:enchanted_count_increase",
							"enchantment": "minecraft:looting",
							"count": {
								"min": 1,
								"max": 2
							},
							"limit": 0
						}
					]
				}
			]
		},
		{
			"rolls": 1,
			"conditions": [
				{  
					"condition": "minecraft:random_chance",
					"chance": 0.4
				}
			],
			"entries": [
				{
					"type": "minecraft:item",
					"weight": 2,
					"name": "minecraft:cooked_beef",
					"functions": [
						{
							"function": "minecraft:set_count",
							"count": {
								"min": 1,
								"max": 3
							}
						},
						{
							"function": "minecraft:enchanted_count_increase",
							"enchantment": "minecraft:looting",
							"count": {
								"min": 1,
								"max": 2
							},
							"limit": 0
						}
					]
				},
				{
					"type": "minecraft:item",
					"weight": 4,
					"name": "minecraft:bread",
					"functions": [
						{
							"function": "minecraft:set_count",
							"count": {
								"min": 1,
								"max": 3
							}
						},
						{
							"function": "minecraft:enchanted_count_increase",
							"enchantment": "minecraft:looting",
							"count": {
								"min": 1,
								"max": 3
							},
							"limit": 0
						}
					]
				},
				{
					"type": "minecraft:item",
					"weight": 5,
					"name": "minecraft:melon_slice",
					"functions": [
						{
							"function": "minecraft:set_count",
							"count": {
								"min": 3,
								"max": 6
							}
						},
						{
							"function": "minecraft:enchanted_count_increase",
							"enchantment": "minecraft:looting",
							"count": {
								"min": 2,
								"max": 4
							},
							"limit": 0
						}
					]
				},
				{
					"type": "minecraft:item",
					"weight": 3,
					"name": "minecraft:brick",
					"functions": [
						{
							"function": "minecraft:set_count",
							"count": {
								"min": 2,
								"max": 5
							}
						},
						{
							"function": "minecraft:set_components",
							"components": {
								"minecraft:item_name": "散彈槍子彈"
							}
						},
						{
							"function": "minecraft:enchanted_count_increase",
							"enchantment": "minecraft:looting",
							"count": {
								"min": 2,
								"max": 4
							},
							"limit": 0
						}
					]
				},
				{
					"type": "minecraft:item",
					"weight": 3,
					"name": "minecraft:nether_brick",
					"functions": [
						{
							"function": "minecraft:set_count",
							"count": {
								"min": 1,
								"max": 2
							}
						},
						{
							"function": "minecraft:set_components",
							"components": {
								"minecraft:item_name": "手槍彈夾"
							}
						},
						{
							"function": "minecraft:enchanted_count_increase",
							"enchantment": "minecraft:looting",
							"count": {
								"min": 1,
								"max": 2
							},
							"limit": 0
						}
					]
				},
				{
					"type": "minecraft:item",
					"weight": 3,
					"name": "minecraft:iron_ingot",
					"functions": [
						{
							"function": "minecraft:set_count",
							"count": {
								"min": 1,
								"max": 2
							}
						},
						{
							"function": "minecraft:set_components",
							"components": {
								"minecraft:item_name": "衝鋒槍彈夾"
							}
						},
						{
							"function": "minecraft:enchanted_count_increase",
							"enchantment": "minecraft:looting",
							"count": {
								"min": 1,
								"max": 2
							},
							"limit": 0
						}
					]
				},
				{
					"type": "minecraft:item",
					"weight": 3,
					"name": "minecraft:paper",
					"functions": [
						{
							"function": "minecraft:set_count",
							"count": {
								"min": 1,
								"max": 2
							}
						},
						{
							"function": "minecraft:set_components",
							"components": {
								"minecraft:item_name": "繃帶",
								"minecraft:consumable": {
									"consume_seconds": 99999
								}
							}
						},
						{
							"function": "minecraft:set_lore",
							"mode": "append",
							"entity": "this",
							"lore": [[{"text": "點擊", "color": "gray", "italic": false}, {"keybind": "key.use"}, "使用"],[{"text":"立即治療","color":"blue","italic":false}]]
						},
						{
							"function": "minecraft:set_custom_model_data",
							"strings": {
								"mode": "append",
								"values": ["bandage"]
							}
						},
						{
							"function": "minecraft:enchanted_count_increase",
							"enchantment": "minecraft:looting",
							"count": {
								"min": 1,
								"max": 3
							},
							"limit": 0
						}
					]
				},
				{
					"type": "minecraft:item",
					"weight": 2,
					"name": "minecraft:paper",
					"functions": [
						{
							"function": "minecraft:set_count",
							"count": 1
						},
						{
							"function": "minecraft:set_components",
							"components": {
								"minecraft:item_name": "醫療箱",
								"minecraft:consumable": {
									"consume_seconds": 99999
								}
							}
						},
						{
							"function": "minecraft:set_lore",
							"mode": "append",
							"entity": "this",
							"lore": [[{"text": "點擊", "color": "gray", "italic": false}, {"keybind": "key.use"}, "使用"],[{"text":"周圍5格內的玩家治療 IV (00:08)","color":"blue","italic":false}]]
						},
						{
							"function": "minecraft:set_custom_model_data",
							"strings": {
								"mode": "append",
								"values": ["medkit"]
							}
						},
						{
							"function": "minecraft:enchanted_count_increase",
							"enchantment": "minecraft:looting",
							"count": 1,
							"limit": 0
						}
					]
				},
				{
					"type": "minecraft:item",
					"weight": 1,
					"name": "minecraft:paper",
					"functions": [
						{
							"function": "minecraft:set_count",
							"count": 1
						},
						{
							"function": "minecraft:set_components",
							"components": {
								"minecraft:item_name": "夾板",
								"minecraft:consumable": {
									"consume_seconds": 99999
								}
							}
						},
						{
							"function": "minecraft:set_lore",
							"mode": "append",
							"entity": "this",
							"lore": [[{"text": "點擊", "color": "gray", "italic": false}, {"keybind": "key.use"}, "使用"],[{"text":"治療骨折","color":"blue","italic":false}]]
						},
						{
							"function": "minecraft:set_custom_model_data",
							"strings": {
								"mode": "append",
								"values": ["splint"]
							}
						},
						{
							"function": "minecraft:enchanted_count_increase",
							"enchantment": "minecraft:looting",
							"count": {
								"min": 1,
								"max": 2
							},
							"limit": 0
						}
					]
				},
				{
					"type": "minecraft:item",
					"weight": 2,
					"name": "minecraft:paper",
					"functions": [
						{
							"function": "minecraft:set_count",
							"count": {
								"min": 1,
								"max": 2
							}
						},
						{
							"function": "minecraft:set_components",
							"components": {
								"minecraft:item_name": "止痛藥",
								"minecraft:consumable": {
									"consume_seconds": 99999
								}
							}
						},
						{
							"function": "minecraft:set_lore",
							"mode": "append",
							"entity": "this",
							"lore": [[{"text": "點擊", "color": "gray", "italic": false}, {"keybind": "key.use"}, "使用"],[{"text":"抗性 V (0:05)","color":"blue","italic":false}]]
						},
						{
							"function": "minecraft:set_custom_model_data",
							"strings": {
								"mode": "append",
								"values": ["painkiller"]
							}
						},
						{
							"function": "minecraft:enchanted_count_increase",
							"enchantment": "minecraft:looting",
							"count": {
								"min": 1,
								"max": 2
							},
							"limit": 0
						}
					]
				},
				{
					"type": "minecraft:item",
					"weight": 2,
					"name": "minecraft:snowball",
					"functions": [
						{
							"function": "minecraft:set_count",
							"count": {
								"min": 1,
								"max": 2
							}
						},
						{
							"function": "minecraft:set_components",
							"components": {
								"minecraft:item_name": "鞭炮"
							}
						},
						{
							"function": "minecraft:set_lore",
							"mode": "append",
							"entity": "this",
							"lore": [[{"text": "點擊", "color": "gray", "italic": false}, {"keybind": "key.use"}, "投擲"]]
						},
						{
							"function": "minecraft:set_custom_model_data",
							"strings": {
								"mode": "append",
								"values": ["bomb"]
							}
						},
						{
							"function": "minecraft:enchanted_count_increase",
							"enchantment": "minecraft:looting",
							"count": 1,
							"limit": 0
						}
					]
				},
				{
					"type": "minecraft:item",
					"weight": 2,
					"name": "minecraft:lingering_potion",
					"functions": [
						{
							"function": "minecraft:set_count",
							"count": {
								"min": 1,
								"max": 2
							}
						},
						{
							"function": "minecraft:set_lore",
							"mode": "append",
							"entity": "this",
							"lore": [[{"text": "點擊", "color": "gray", "italic": false}, {"keybind": "key.use"}, "投擲"]]
						},
						{
							"function": "minecraft:set_components",
							"components": {
								"minecraft:potion_contents": {
									"custom_color": 4144959,
									"custom_name": "molotov_cocktail"
								},
								"minecraft:tooltip_display": {
									"hidden_components": ["minecraft:potion_contents"]
								},
								"max_stack_size": 64
							}
						},
						{
							"function": "minecraft:set_custom_model_data",
							"strings": {
								"mode": "append",
								"values": ["molotov_cocktail"]
							}
						},
						{
							"function": "minecraft:enchanted_count_increase",
							"enchantment": "minecraft:looting",
							"count": 1,
							"limit": 0
						}
					]
				},
				{
					"type": "minecraft:item",
					"weight": 3,
					"name": "minecraft:tripwire_hook",
					"functions": [
						{
							"function": "minecraft:set_count",
							"count": {
								"min": 1,
								"max": 2
							}
						},
						{
							"function": "minecraft:set_lore",
							"mode": "append",
							"entity": "this",
							"lore": [[{"text": "點擊", "color": "gray", "italic": false}, {"keybind": "key.use"}, "放置"]]
						},
						{
							"function": "minecraft:set_components",
							"components": {
								"minecraft:item_name": "捕獸夾",
								"minecraft:consumable": {
									"consume_seconds": 99999
								}
							}
						},
						{
							"function": "minecraft:set_custom_model_data",
							"strings": {
								"mode": "append",
								"values": ["bear_trap"]
							}
						},
						{
							"function": "minecraft:enchanted_count_increase",
							"enchantment": "minecraft:looting",
							"count": {
								"min": 1,
								"max": 3
							},
							"limit": 0
						}
					]
				},
				{
					"type": "minecraft:item",
					"weight": 2,
					"name": "minecraft:tripwire_hook",
					"functions": [
						{
							"function": "minecraft:set_count",
							"count": {
								"min": 1,
								"max": 2
							}
						},
						{
							"function": "minecraft:set_components",
							"components": {
								"minecraft:item_name": "開鎖器",
								"minecraft:consumable": {
									"consume_seconds": 99999
								}
							}
						},
						{
							"function": "minecraft:set_lore",
							"mode": "append",
							"entity": "this",
							"lore": [[{"text": "點擊", "color": "gray", "italic": false}, {"keybind": "key.use"}, "使用"]]
						},
						{
							"function": "minecraft:set_custom_model_data",
							"strings": {
								"mode": "append",
								"values": ["lockpick"]
							}
						},
						{
							"function": "minecraft:enchanted_count_increase",
							"enchantment": "minecraft:looting",
							"count": {
								"min": 1,
								"max": 2
							},
							"limit": 0
						}
					]
				},
				{
					"type": "minecraft:item",
					"weight": 4,
					"name": "minecraft:oak_pressure_plate",
					"functions": [
						{
							"function": "minecraft:set_count",
							"count": {
								"min": 2,
								"max": 4
							}
						},
						{
							"function": "minecraft:set_components",
							"components": {
								"minecraft:item_name": "木板"
							}
						},
						{
							"function": "minecraft:enchanted_count_increase",
							"enchantment": "minecraft:looting",
							"count": {
								"min": 1,
								"max": 2
							},
							"limit": 0
						}
					]
				}
			]
		}
	]
}