{
	"criteria":
	{
		"fixing_sword":
		{
			"trigger": "minecraft:using_item",
			"conditions":
			{
				"player":
				[
					{
						"condition": "minecraft:entity_properties",
						"entity": "this",
						"predicate":
						{
							"equipment":
							{
								"mainhand":
								{
									"items": "minecraft:tripwire_hook",
									"components": {
										"minecraft:item_name": "磨刀石"
									}
								}
							}
						}
					}
				]
			}
		}
	},
	"rewards":
	{
		"function": "gadget:whetstone/use"
	}
}