{
	"criteria":
	{
		"purple_dye":
		{
			"trigger": "minecraft:using_item",
			"conditions":
			{
				"item":
				{
					"items": "minecraft:purple_dye"
				},
				"player":
				{
					"equipment": 
					{
						"mainhand":
						{
							"items": "minecraft:purple_dye",
							"predicates":
							{
								"custom_data":
								{
									"type": "trap"
								}
							}
						}
					}
				}
			}
		}
	},
	"rewards":
	{
		"function": "monitor:observe/player/summon/use"
	}
}